Fecha,Precio
01/2021,1.243734
02/2021,1.28235
03/2021,1.342473
04/2021,1.343803
05/2021,1.363001
