Fecha,Precio
01/2021,1.225611
02/2021,1.346532
03/2021,1.410715
04/2021,1.421
05/2021,1.431724
